{
    "predict_samples": 195193,
    "test_HasAns_exact": 66.63987138263666,
    "test_HasAns_f1": 80.7245183533105,
    "test_HasAns_total": 1244,
    "test_NoAns_exact": 56.73927842069435,
    "test_NoAns_f1": 56.73927842069435,
    "test_NoAns_total": 2938,
    "test_best_exact": 70.25346724055476,
    "test_best_exact_thresh": 0.0,
    "test_best_f1": 70.4170799088225,
    "test_best_f1_thresh": 0.0,
    "test_exact": 59.68436154949785,
    "test_f1": 63.87405567468161,
    "test_runtime": 1163.0059,
    "test_samples_per_second": 167.835,
    "test_steps_per_second": 10.49,
    "test_total": 4182
}