{
    "epoch": 6.0,
    "predict_samples": 200910,
    "test_HasAns_exact": 72.50803858520901,
    "test_HasAns_f1": 84.73325852834873,
    "test_HasAns_total": 1244,
    "test_NoAns_exact": 60.959836623553436,
    "test_NoAns_f1": 60.959836623553436,
    "test_NoAns_total": 2938,
    "test_best_exact": 70.54041128646581,
    "test_best_exact_thresh": 0.0,
    "test_best_f1": 70.72464136612433,
    "test_best_f1_thresh": 0.0,
    "test_exact": 64.3950263032042,
    "test_f1": 68.03160535850452,
    "test_runtime": 2059.9006,
    "test_samples_per_second": 97.534,
    "test_steps_per_second": 6.096,
    "test_total": 4182,
    "train_loss": 1.2822895691906906,
    "train_runtime": 6667.8899,
    "train_samples": 38499,
    "train_samples_per_second": 34.643,
    "train_steps_per_second": 2.166
}