{
    "predict_samples": 200910,
    "test_HasAns_exact": 61.736334405144696,
    "test_HasAns_f1": 76.42723943460388,
    "test_HasAns_total": 1244,
    "test_NoAns_exact": 51.769911504424776,
    "test_NoAns_f1": 51.769911504424776,
    "test_NoAns_total": 2938,
    "test_best_exact": 70.25346724055476,
    "test_best_exact_thresh": 0.0,
    "test_best_f1": 70.29491471385303,
    "test_best_f1_thresh": 0.0,
    "test_exact": 54.73457675753228,
    "test_f1": 59.10461163477935,
    "test_runtime": 476.748,
    "test_samples_per_second": 421.418,
    "test_steps_per_second": 6.586,
    "test_total": 4182
}