{
    "epoch": 6.0,
    "predict_samples": 195193,
    "test_HasAns_exact": 70.73954983922829,
    "test_HasAns_f1": 83.34987252168648,
    "test_HasAns_total": 1244,
    "test_NoAns_exact": 67.90333560245065,
    "test_NoAns_f1": 67.90333560245065,
    "test_NoAns_total": 2938,
    "test_best_exact": 70.73170731707317,
    "test_best_exact_thresh": 0.0,
    "test_best_f1": 72.9163373225755,
    "test_best_f1_thresh": 0.0,
    "test_exact": 68.74701099952176,
    "test_f1": 72.49814476733096,
    "test_runtime": 2005.8732,
    "test_samples_per_second": 97.311,
    "test_steps_per_second": 6.082,
    "test_total": 4182,
    "train_loss": 0.7066184502033592,
    "train_runtime": 7273.9002,
    "train_samples": 38503,
    "train_samples_per_second": 31.76,
    "train_steps_per_second": 1.985
}